borough,location,sensor_count,event_count,max_depth_in,median_depth_in,events_over_4in,first_event,last_event,lat,lon
Queens,Beach 84 St,2,525,38.19,4.57,300,2021-12-31 09:17:15,2026-08-10 21:32:19,40.589434,-73.8099964
Bronx,Ditmars St/Hunter Ave,2,348,34.65,4.51,197,2023-09-29 12:50:19,2026-08-11 00:39:38,40.8498084,-73.7869401
Queens,Brookville Blvd/Snake Rd,3,249,19.76,3.27,98,2024-10-17 12:10:52,2026-08-10 22:35:10,40.646461,-73.7446776
Queens,Russell St,2,205,31.77,5.31,130,2021-03-29 00:03:29,2026-08-10 22:31:11,40.6549689,-73.8309827
Queens,Davenport Ct,2,88,40.87,6.02,60,2021-01-16 15:37:49,2026-08-03 14:17:07,40.6534985,-73.8295223
Queens,102nd St/160th Ave,1,72,21.69,4.074999999999999,38,2023-06-03 23:40:38,2026-04-01 06:58:16,40.658632,-73.8309574
Queens,161st Ave/99th St,1,70,20.08,3.54,30,2023-04-23 02:50:19,2026-08-07 22:41:15,40.6548235,-73.8460719
Queens,Beach 35 St/Beach Channel Dr,1,68,11.77,4.27,36,2024-01-10 10:16:03,2026-08-10 22:11:50,40.5961672,-73.7678549
Queens,1st St/104th St,1,55,16.65,5.98,35,2023-04-23 03:19:44,2026-08-07 22:48:40,40.6556965,-73.8285469
Staten Island,Quincy Ave/Iona St,1,42,16.06,2.855,4,2023-07-18 16:30:53,2026-07-14 21:18:15,40.5762386,-74.0845698
Bronx,Tibbett Ave/W 234th St,1,39,1.85,1.34,0,2025-05-31 05:52:23,2026-08-07 22:25:38,40.880167,-73.9090385
Staten Island,Grimsby St/Mapleton Ave,1,37,9.61,4.17,19,2023-07-16 13:42:51,2026-08-07 22:15:36,40.5708721,-74.0970847
Queens,155th Ave/79th St,1,31,8.11,2.99,12,2025-07-31 20:37:08,2026-08-10 21:57:25,40.6607507,-73.8089509
Brooklyn,Hoyt St/5th St,1,29,10.35,4.29,19,2020-11-16 01:41:17,2026-07-18 16:16:26,40.6905128,-73.9849862
Staten Island,Baden Pl/Mapleton Ave,1,27,5.75,1.77,1,2023-08-10 20:52:48,2026-08-07 22:20:57,40.5692834,-74.09414
Queens,Beach Channel Dr/Beach 38th St,1,24,8.54,3.6049999999999995,12,2024-08-19 23:54:30,2026-08-10 22:10:10,40.5959736,-73.7701864
Brooklyn,Wythe Ave/Wallabout St,1,22,6.26,2.28,5,2023-04-30 21:23:48,2026-07-18 16:00:36,40.699501,-73.9588797
Queens,Church Rd/E 6th Rd,1,19,12.2,3.82,9,2025-10-12 17:40:51,2026-08-10 22:08:48,40.6078896,-73.8183349
Bronx,Webster Ave/E 166th St,1,19,11.54,2.44,2,2025-06-14 16:26:00,2026-03-18 18:36:17,40.8289837,-73.9112601
Staten Island,Bedford Ave/Kiswick St,1,18,8.11,4.035,9,2023-12-18 07:45:14,2026-08-03 10:18:34,40.5770944,-74.0988316
Queens,Norton Dr/Westbourne Ave,1,17,8.5,1.85,5,2026-05-23 21:06:08,2026-08-10 22:09:24,40.6063872,-73.7695222
Staten Island,Haven Ave/Adam Ave,1,17,5.28,1.93,3,2024-03-06 21:49:37,2026-08-07 22:22:27,40.5794849,-74.0977437
Staten Island,Ridgewood Ave/Arthur Kill Rd,1,16,11.93,4.45,10,2024-08-20 00:55:40,2026-07-29 02:31:22,40.5602714,-74.1661153
Bronx,Tier St/William Ave,1,14,9.25,2.89,4,2023-11-22 07:12:29,2026-06-12 03:46:05,40.8481275,-73.7890671
Queens,188th St/58th Ave,1,13,11.57,1.14,2,2025-10-30 19:52:34,2026-07-31 08:49:44,40.7260202,-73.7796605
Queens,51st Ave/Jacobus St,1,13,3.15,0.63,0,2025-05-31 05:35:01,2026-08-03 08:43:41,40.7422506,-73.9555079
Brooklyn,9th St/Smith St,1,12,27.76,9.39,10,2021-08-22 00:01:22,2025-10-30 18:56:33,40.6746973,-73.9975581
Staten Island,Boundary Ave/Hamden Ave,1,12,7.28,2.835,5,2026-05-20 22:26:37,2026-08-07 22:10:55,40.5807537,-74.0976506
Queens,Beach Channel Dr/Beach 48th St,1,12,5.55,1.3599999999999999,1,2024-09-19 13:31:49,2026-05-20 22:47:20,40.595551,-73.7786439
Brooklyn,Marcy Ave/Hopkins St,1,11,10.2,1.73,2,2025-10-30 19:04:44,2026-08-07 22:36:20,40.7084064,-73.9579142
Staten Island,Minthorne St/Victory Blvd,1,11,12.09,5.2,7,2026-03-12 03:52:10,2026-08-07 22:16:50,40.6369735,-74.0755014
Bronx,White Plains Rd/Wood Ave,1,11,3.15,1.69,0,2026-05-24 02:01:00,2026-07-28 00:02:21,40.8352647,-73.8632353
Brooklyn,Fountain Ave/Flatlands Ave,1,11,3.07,2.09,0,2025-09-11 01:22:45,2026-03-27 06:27:30,40.6603202,-73.8669037
Queens,Beach 72nd St/Almeda Ave,1,11,21.5,6.42,8,2023-07-18 17:14:33,2025-10-30 19:44:42,40.5919974,-73.8006173
Brooklyn,Carroll St/4th Av,1,10,35.94,21.1,8,2021-08-22 01:19:06,2026-07-15 21:43:16,40.680303,-73.995048
Queens,Beach 90th St/Rockaway Fwy,1,9,5.71,2.64,3,2026-04-19 01:30:30,2026-08-10 22:07:00,40.5880338,-73.8136929
Brooklyn,Coney Island Ave/Brighton Beach Ave,1,9,4.49,1.46,1,2025-08-13 23:05:15,2026-07-06 03:32:49,40.5783092,-73.9595358
Brooklyn,Winthrop St/E 94th St,1,9,14.33,2.17,1,2023-09-10 15:06:05,2026-07-18 15:43:55,40.6570982,-73.9502145
Bronx,Cross St/Minnieford Ave,1,9,2.52,2.05,0,2023-12-18 06:58:31,2024-05-30 01:36:20,40.8534005,-73.7891365
Manhattan,126th St/7th Av,1,9,2.99,1.34,0,2026-03-05 22:39:03,2026-06-07 00:07:28,40.8067493,-73.9409668
Brooklyn,Walton St/Marcy Ave,1,9,21.61,3.15,3,2023-04-30 21:23:26,2026-07-18 15:51:09,40.7020051,-73.9496209
Queens,Queens Blvd/Broadway,1,8,22.72,1.81,1,2025-06-19 21:15:37,2026-07-18 16:00:38,40.7469359,-73.8922435
Queens,Church Rd/E 7th Rd,1,8,4.88,2.145,2,2024-08-20 01:00:29,2024-11-16 13:14:20,40.6078896,-73.8183349
Brooklyn,Troy Ave/Farragut Rd,1,8,8.31,1.28,1,2025-07-31 20:22:09,2026-08-07 22:41:01,40.6356472,-73.9344828
Brooklyn,Wallabout St/Throop Ave,1,8,25.08,4.3100000000000005,4,2023-09-29 12:05:49,2026-07-18 15:54:26,40.6992983,-73.9597376
Manhattan,Hancock Pl/Morningside Ave,1,8,4.76,0.91,1,2025-07-14 23:24:28,2026-08-06 19:31:51,40.8106695,-73.9539471
Queens,63rd St/Laurel Hill Blvd,1,8,2.83,1.71,0,2025-10-30 19:38:09,2026-07-18 16:16:37,40.7397731,-73.9030763
Brooklyn,Lorraine St/Henry St,1,8,5.28,2.795,1,2025-06-11 10:00:56,2025-10-30 18:51:02,40.6739176,-74.0051617
Brooklyn,Lee Ave/Middleton St,1,8,23.54,2.99,3,2023-07-02 21:33:49,2026-07-18 16:19:36,40.7008196,-73.9544641
Brooklyn,Mermaid Ave/W 32nd St,1,8,4.17,1.16,1,2026-03-05 20:23:58,2026-08-03 13:56:17,40.5751352,-73.9989368
Brooklyn,E92nd St/Ave J,1,8,1.42,1.14,0,2025-12-19 13:09:12,2026-05-20 23:02:22,40.576127,-73.975939
Bronx,Colgate Av/Westchester Av,1,7,5.75,3.82,3,2022-09-13 04:51:18,2025-10-30 19:51:32,40.8283069,-73.8820889
Staten Island,Richmond Ter/Lafayette Ave,1,7,6.81,4.96,5,2026-06-15 04:08:11,2026-08-07 22:16:04,40.6447441,-74.0960831
Brooklyn,Ditmas Ave/Westminster Rd,1,7,15.47,5.63,6,2023-12-18 12:36:29,2026-07-18 17:29:00,40.636119,-73.978172
Queens,Brookville Blvd/149th St,1,7,2.76,1.18,0,2025-10-30 19:52:46,2026-08-03 14:37:48,40.6389512,-73.7429348
Brooklyn,Brighton 6th St/Ocean View Ave,1,7,1.69,0.94,0,2026-05-20 22:31:48,2026-07-21 19:46:28,40.5804652,-73.9625317
Staten Island,Olympia Blvd/Mapleton Ave,1,6,2.56,1.3399999999999999,0,2023-09-29 12:58:44,2026-07-06 14:28:09,40.572742,-74.0931211
Brooklyn,DeWitt Ave/Williams Ave,1,6,2.76,1.1400000000000001,0,2025-11-10 06:28:29,2026-07-18 16:59:02,40.6562168,-73.896018
Brooklyn,Church Ave/E 53rd St,1,6,4.29,2.62,1,2024-09-23 00:43:12,2026-06-26 09:03:06,40.6507967,-73.9495439
Bronx,1st St/Avenue A,1,6,8.03,3.21,3,2024-08-02 23:25:12,2026-07-19 01:23:24,40.8262122,-73.8996989
Brooklyn,Farragut Rd/Brooklyn Ave,1,6,5.2,2.795,2,2025-07-31 20:15:21,2026-05-20 22:57:37,40.6372104,-73.9289629
Queens,101st St/160th Ave,1,6,3.54,1.83,0,2026-04-16 23:32:09,2026-08-10 22:02:44,40.6586542,-73.8321156
Queens,10th St/Vernon Blvd,1,6,9.88,4.075,3,2025-07-14 23:17:07,2026-07-21 20:09:41,40.76739,-73.9367584
Queens,133rd St/97th Ave,1,6,21.3,2.385,2,2025-08-13 23:14:26,2026-08-07 22:47:09,40.67529,-73.8055995
Queens,99th st/165th ave,1,6,2.36,1.95,0,2026-07-06 03:53:14,2026-08-07 22:44:48,40.6821715,-73.8409905
Brooklyn,Knickerbocker Ave/Hart St,1,6,22.76,4.35,3,2023-09-29 12:11:14,2026-06-15 03:55:52,40.6987479,-73.9189811
Manhattan,Nagle Ave/Dyckman St,1,6,8.94,1.85,2,2024-08-18 23:50:33,2026-07-27 23:47:54,40.8617455,-73.9242731
Brooklyn,Dover St/Shore Blvd,1,5,1.02,0.83,0,2026-03-12 04:01:18,2026-04-01 22:56:13,40.5760866,-73.9489379
Queens,Beach 49th St/Rockaway Beach Blvd,1,5,3.43,0.87,0,2025-10-30 19:50:43,2026-05-20 22:47:23,40.5963598,-73.7800591
Queens,87th St/Astoria Blvd,1,5,4.84,3.9,2,2024-08-18 23:53:59,2026-07-18 16:19:42,40.696114,-73.8581873
Brooklyn,Dumont Ave/Hendrix St,1,5,13.35,1.54,2,2025-07-31 20:39:07,2026-05-20 23:08:24,40.6643752,-73.9074722
Brooklyn,Loring Ave/Autumn Ave,1,5,4.72,2.09,1,2026-05-21 15:18:53,2026-08-08 05:03:41,40.6675294,-73.8642523
Brooklyn,Wallabout St/Harrison Ave,1,5,11.02,1.06,1,2023-04-30 21:22:30,2026-07-18 15:57:47,40.6992983,-73.9597376
Brooklyn,E104th St/Ave M,1,5,4.84,1.06,1,2026-03-12 04:13:30,2026-07-06 06:08:45,40.576127,-73.975939
Staten Island,Snug Harbor Rd/Kissel Ave,1,5,7.4,2.64,1,2025-08-21 23:12:05,2026-03-12 03:51:21,40.6443505,-74.1056377
Bronx,Schurz Ave/Mullan Pl,1,5,10.2,5.0,3,2024-08-06 21:39:38,2025-10-30 19:40:13,40.81388,-73.8209747
Staten Island,McLaughlin St/Agnes Pl,1,5,2.05,0.91,0,2026-02-19 10:33:23,2026-04-15 22:21:38,40.5895684,-74.0728202
Queens,Utopia Pkwy/67th Ave,1,5,31.38,11.57,3,2025-10-30 19:56:42,2026-07-18 16:29:50,40.7341589,-73.7934197
Queens,Roosevelt Ave/Prince St,1,5,5.63,0.91,1,2026-05-20 23:40:04,2026-07-18 16:09:23,40.7495915,-73.8653485
Brooklyn,Ave V/Stillwell Ave,1,5,5.35,2.6,2,2026-05-20 22:42:41,2026-08-07 22:33:13,40.6005879,-73.932484
Queens,56th Ave/Springfield Blvd,1,4,21.93,14.39,3,2025-10-30 19:51:23,2026-07-18 16:21:46,40.7536583,-73.7573848
Queens,160th St/107th Ave,1,4,8.62,5.18,2,2024-07-18 02:04:29,2026-05-20 23:13:09,40.6906357,-73.7895594
Queens,126th St/109th Ave,1,4,2.36,0.865,0,2025-10-30 19:47:06,2026-05-20 23:35:48,40.6646879,-73.8149613
Brooklyn,Church Ave/E10th St,1,4,8.78,5.495,3,2024-06-14 23:19:54,2026-05-20 23:17:21,40.6505269,-73.962982
Brooklyn,Caton Ave/E Eighth St,1,4,4.13,1.495,1,2025-10-30 19:00:00,2026-03-12 03:50:59,40.647806,-73.9749928
Manhattan,3rd Ave/E 25th St,1,4,1.65,0.9650000000000001,0,2026-04-16 00:42:03,2026-04-23 03:07:48,40.7598884,-73.967701
Brooklyn,Vermont St/Stanley Ave,1,4,2.32,1.515,0,2025-10-30 19:30:04,2026-05-20 23:10:19,40.6591753,-73.8889187
Brooklyn,Utica Ave/Rutland Rd,1,4,5.04,1.7149999999999999,1,2025-07-31 20:32:25,2026-05-20 23:17:00,40.6609072,-73.9312385
Brooklyn,Marion St/Howard Ave,1,4,2.8,2.2649999999999997,0,2025-05-29 07:41:14,2026-05-14 08:26:20,40.6818566,-73.910266
Brooklyn,Kingston Ave/Rutland Rd,1,4,23.35,8.285,2,2023-06-02 23:01:30,2026-05-20 23:10:18,40.6694074,-73.9421829
Brooklyn,Linden Blvd/Fountain Ave,1,4,2.99,1.5350000000000001,0,2026-05-20 23:09:31,2026-08-07 22:38:02,40.666928,-73.871094
Brooklyn,Farragut Rd/Rockaway Pkwy,1,4,0.98,0.83,0,2026-03-12 04:08:46,2026-05-20 23:34:24,40.636528,-73.9210138
Brooklyn,41st St/2nd Ave,1,4,1.06,0.69,0,2026-04-25 19:23:14,2026-08-07 22:35:26,40.6521446,-74.0083859
Staten Island,Cassidy Pl/Lafayette Ave,1,4,4.84,3.17,1,2026-07-06 01:18:54,2026-07-18 17:17:29,40.6421301,-74.0952678
Brooklyn,4th Av/Garfield Pl,1,4,16.42,2.285,1,2023-09-29 11:52:26,2026-07-28 20:25:21,40.6758392,-73.9839935
Queens,Beach 43rd St,1,4,23.43,10.745000000000001,2,2022-12-23 11:07:36,2025-10-30 19:57:11,40.5986048,-73.7751022
Manhattan,Thompson St/Grand St,1,4,6.1,0.7849999999999999,1,2026-03-12 04:04:21,2026-07-29 04:17:40,40.727889,-74.0001263
Queens,85th St/91st Ave,1,4,4.96,2.1100000000000003,1,2025-10-30 19:41:52,2026-05-20 23:10:31,40.7273574,-73.8725315
Queens,59th Ave/175th St,1,4,12.17,2.025,1,2025-10-30 20:07:46,2026-07-18 16:29:13,40.744356,-73.8306688
Queens,50th Ave/65th Pl,1,4,11.69,1.6749999999999998,1,2025-10-30 19:43:09,2026-07-18 16:15:00,40.7423093,-73.864867
Queens,231st St/148th Ave,1,3,5.71,1.26,1,2024-01-13 15:49:41,2026-07-06 03:52:09,40.6644545,-73.7455173
Manhattan,E 23rd St/FDR Drive,1,3,6.06,0.63,1,2026-03-12 04:19:36,2026-07-18 15:55:47,40.7379905,-73.9811578
Brooklyn,Ocean Pkwy/Avenue W,1,3,4.45,0.91,1,2025-10-30 18:59:54,2026-05-20 23:17:45,40.5764151,-73.9690055
Brooklyn,Lott Ave/Thatford Ave,1,3,7.76,0.71,1,2026-03-12 04:08:40,2026-05-20 23:04:01,40.658032,-73.9071477
Brooklyn,Mermaid Ave/W 32th St,1,3,1.22,1.06,0,2024-07-18 02:18:44,2024-08-04 00:04:54,40.574821,-74.0011998
Queens,48th St/47th Ave,1,3,3.82,1.57,0,2025-10-30 19:13:43,2026-07-18 16:20:49,40.7406371,-73.9174002
Queens,77th St/62nd Ave,1,3,0.75,0.67,0,2026-03-12 04:13:25,2026-03-12 11:44:26,40.7731487,-73.8933086
Queens,69th Ave/195th Ln,1,3,8.23,4.61,2,2025-10-30 19:54:51,2026-07-18 16:12:24,40.7093409,-73.8775211
Manhattan,Barclay St/West St,1,3,16.57,0.91,1,2026-03-12 03:41:18,2026-07-18 15:56:58,40.7137708,-74.0129347
Queens,Linden Pl/28th Ave,1,3,1.3,1.26,0,2026-05-20 23:38:31,2026-06-07 17:51:59,40.7656581,-73.8310715
Queens,Peck Ave/153rd st,1,3,22.64,10.91,3,2024-08-19 00:49:43,2026-05-20 23:44:29,40.7343945,-73.7536446
Queens,Maurice Ave/Queens Midtown Expressway,1,3,24.02,6.69,2,2025-08-13 23:19:56,2026-07-18 15:52:59,40.7281563,-73.9061823
Bronx,Walnut Ave/E 139th St,1,3,11.26,0.67,1,2025-10-30 19:17:19,2026-08-03 09:19:28,40.8016261,-73.909673
Staten Island,Bay St/Front St,1,3,5.51,4.13,2,2026-06-23 02:30:18,2026-08-07 22:18:31,40.6263426,-74.0754496
Queens,W 16th Rd/Cross Bay Blvd,1,3,4.33,3.94,1,2026-03-06 01:01:29,2026-03-06 01:59:29,40.601796,-73.821887
Brooklyn,16th Ave/80th St,1,3,5.04,0.91,1,2025-10-30 18:48:40,2026-07-29 03:59:08,40.6240533,-73.9927793
Brooklyn,2nd Ave/49th St,1,3,3.9,3.07,0,2025-07-31 20:11:56,2025-10-31 01:52:37,40.6503247,-74.0174477
Queens,Holly Ave/Union St,1,3,3.46,3.11,0,2024-08-19 00:35:05,2026-07-18 16:12:46,40.7532756,-73.8150411
Brooklyn,Avenue Y/E 14th St,1,3,5.83,1.02,1,2025-10-30 18:59:24,2026-05-20 23:02:04,40.7240654,-73.9574571
Queens,Hendrickson Pl/166th St,1,3,19.06,3.03,1,2025-10-30 20:04:58,2026-07-08 00:39:21,40.6987168,-73.788317
Bronx,Watson Ave/Close Ave,1,3,9.65,2.32,1,2026-05-20 22:51:25,2026-05-20 23:40:25,40.8267111,-73.8735228
Brooklyn,Avenue P/E 9th St,1,3,3.66,1.38,0,2025-10-30 18:55:50,2026-07-06 03:35:38,40.608944,-73.973022
Queens,Hobart St/31st Ave,1,3,2.8,1.38,0,2025-10-30 19:24:54,2026-07-18 17:23:41,40.7607647,-73.9059176
Queens,Kissena Blvd/Rose Ave,1,3,10.04,7.44,3,2024-08-19 00:48:03,2026-05-20 23:45:07,40.7462311,-73.8143921
Brooklyn,83rd St/21st Ave,1,3,5.98,2.36,1,2024-08-19 04:50:31,2026-07-06 03:40:24,40.6055846,-73.9952353
Manhattan,Market Slip/South St,1,3,13.5,3.11,1,2026-06-22 20:52:32,2026-07-18 15:49:34,40.7098031,-73.9940641
Manhattan,Mangin St/Stanton St,1,3,1.85,0.59,0,2026-03-12 04:08:02,2026-07-29 15:03:05,40.7178366,-73.9762834
Queens,204th St/100th Ave,1,3,32.72,23.35,2,2025-10-30 20:04:44,2026-05-20 23:27:49,40.7685811,-73.7847468
Queens,Huxley St/Craft Ave,1,3,2.01,1.46,0,2026-07-15 22:00:42,2026-07-19 00:14:03,40.6545045,-73.739773
Staten Island,Rector St/Richmond Terr,1,3,8.62,3.82,1,2024-08-02 22:48:07,2025-07-31 19:36:52,40.6347903,-74.1279971
Brooklyn,Flatlands 8th St/E 108th St,1,3,0.87,0.75,0,2026-03-12 04:12:58,2026-03-31 11:01:17,40.6405905,-73.885122
Staten Island,Hylan Blvd/Jefferson Blvd,1,3,5.67,3.82,1,2025-07-14 22:57:36,2025-12-17 22:48:51,40.5943165,-74.0866006
Brooklyn,Ocean Ave/Dorchester Rd,1,3,6.06,4.49,2,2024-06-14 23:00:12,2025-10-30 18:57:53,40.5991137,-73.9513608
Brooklyn,Marcy Ave/Flushing Ave,1,3,12.17,2.44,1,2023-04-30 21:24:34,2023-09-29 12:11:08,40.7084064,-73.9579142
Manhattan,Delancey St/FDR Dr,1,3,3.78,0.67,0,2026-03-12 04:08:00,2026-07-18 15:58:29,40.71804,-73.9869567
Manhattan,E 79th St/Park Ave,1,3,0.75,0.75,0,2026-03-12 04:12:18,2026-03-12 10:50:17,40.7764652,-73.9624512
Manhattan,E 108th St/Park Ave,1,3,2.13,2.05,0,2025-10-30 19:16:55,2026-08-03 04:07:23,40.7949289,-73.948594
Manhattan,Ave C/E 18th St,1,3,5.71,1.02,1,2026-07-18 15:54:25,2026-08-07 22:27:33,40.7220844,-73.9803066
Manhattan,10th Ave/W 211th St,1,3,4.96,1.65,1,2024-08-06 21:16:50,2025-10-30 19:16:00,40.8675523,-73.9183362
Brooklyn,E102nd St/Ave N,1,3,3.39,1.42,0,2026-03-12 04:10:44,2026-05-20 23:06:43,40.576127,-73.975939
Bronx,Boynton Ave/Lafayette Ave,1,3,2.87,1.06,0,2025-07-14 23:42:36,2026-08-04 10:43:29,40.8310757,-73.8788005
Brooklyn,Farragut Rd/Rogers Ave,1,3,0.79,0.63,0,2026-03-12 04:02:30,2026-05-20 23:19:42,40.636528,-73.9210138
Brooklyn,Halsey St/Throop Ave,1,3,16.61,10.94,2,2025-10-30 19:06:09,2026-05-20 23:03:39,40.6828409,-73.9404874
Brooklyn,Georgia Ave/Livonia Ave,1,3,9.09,0.94,1,2026-03-12 04:08:14,2026-05-20 23:04:52,40.6555205,-73.8905295
Brooklyn,Flatlands Ave/E 80th St,1,3,0.91,0.63,0,2026-03-12 04:09:47,2026-03-31 10:32:37,40.6353905,-73.913696
Brooklyn,Knickerbocker Ave/Palmetto St,1,2,1.46,1.2999999999999998,0,2026-03-06 05:45:58,2026-03-06 08:12:58,40.6987479,-73.9189811
Brooklyn,Clarendon Rd/E 56th St,1,2,0.83,0.77,0,2026-03-12 04:05:52,2026-03-12 11:48:51,40.6448885,-73.9223783
Brooklyn,Concord St/Navy St,1,2,5.28,2.895,1,2025-07-31 20:23:26,2025-10-30 19:03:30,40.6976447,-73.9847505
Manhattan,Broad St/South St,1,2,0.71,0.71,0,2026-03-12 03:30:16,2026-03-12 10:58:17,40.7019075,-74.0108608
Brooklyn,E 57th St/Snyder Ave,1,2,0.67,0.65,0,2026-03-12 04:05:40,2026-03-12 11:48:38,40.6553266,-73.923968
Brooklyn,Coney Island Ave/Caton Ave,1,2,1.42,1.045,0,2025-10-30 18:58:52,2026-03-12 04:07:44,40.647941,-73.9714482
Brooklyn,Dwight St/King St,1,2,2.01,1.2399999999999998,0,2025-10-30 18:37:35,2026-03-17 21:49:29,40.6754214,-74.0097696
Brooklyn,Winthrop St/E 46th St,1,2,0.71,0.6499999999999999,0,2026-03-12 04:07:56,2026-03-12 11:46:56,40.6570982,-73.9502145
Brooklyn,Pioneer St/Conover St,1,2,1.5,1.44,0,2025-10-30 18:58:48,2026-07-18 16:21:42,40.6786312,-74.0106217
Brooklyn,Thatford Ave/Riverdale Ave,1,2,0.91,0.77,0,2026-03-12 04:07:57,2026-05-20 23:19:33,40.669193,-73.909639
Staten Island,Catherine Ct/Jewett Ave,1,2,21.34,12.205,1,2024-12-30 08:14:23,2025-07-31 19:40:39,40.6318401,-74.1310341
Queens,Woodhull Ave/193rd St,1,2,37.56,28.365000000000002,2,2025-10-30 19:53:39,2026-05-20 23:15:23,40.7110729,-73.7662243
Brooklyn,35th St/3rd Ave,1,2,0.67,0.6100000000000001,0,2026-03-12 04:00:54,2026-05-20 23:22:03,40.6411271,-73.9810617
Staten Island,Barlow Ave/Abingdon Ave,1,2,2.32,2.025,0,2026-02-18 20:24:00,2026-02-19 01:45:58,40.5567464,-74.1708679
Queens,Lewis Ave/101st St,1,2,4.57,2.6,1,2026-07-18 16:23:01,2026-07-29 04:31:39,40.7411039,-73.858263
Queens,Park Ln/Park Lane South,1,2,2.83,2.715,0,2025-10-30 19:32:24,2026-05-20 23:17:37,40.7039251,-73.8376146
Queens,Mowbray Dr/Austin St,1,2,12.72,6.755000000000001,1,2026-03-12 04:13:31,2026-05-20 23:21:02,40.7099825,-73.8304674
Queens,Liberty Ave/183rd St,1,2,39.65,29.805,2,2025-10-30 19:58:49,2026-05-20 23:24:32,40.7053797,-73.7763219
Brooklyn,Blake Ave/Strauss St,1,2,0.83,0.77,0,2026-03-12 04:08:29,2026-05-20 23:14:41,40.6659052,-73.9078656
Queens,Hillside Ave/161st St,1,2,22.87,13.955,2,2026-05-20 23:16:40,2026-07-18 16:38:20,40.708183,-73.8007632
Queens,30th Pl/47th Ave,1,2,4.17,2.42,1,2026-03-12 04:13:41,2026-07-18 16:48:17,40.7392959,-73.9375135
Queens,192nd St/39th Ave,1,2,7.2,6.71,2,2025-10-30 19:52:50,2026-07-18 16:22:09,40.7149639,-73.7692636
Brooklyn,Bergen St/3rd Ave,1,2,5.04,4.035,1,2026-08-07 20:54:55,2026-08-07 22:32:54,40.6834177,-73.981818
Queens,Bell Blvd/Northern Blvd,1,2,11.06,10.629999999999999,2,2025-10-30 19:54:00,2026-05-20 23:23:56,40.7604171,-73.7696077
Brooklyn,Bay Pkwy/Shore Pkwy,1,2,4.45,3.88,1,2026-05-20 22:38:24,2026-07-06 03:31:12,40.5952895,-73.9994976
Queens,Beach 42nd St/Beach Channel Dr,1,2,1.77,1.24,0,2025-10-30 19:57:18,2026-04-01 22:15:16,40.594844,-73.7737808
Queens,78th St/Atlantic Ave,1,2,0.87,0.71,0,2026-03-12 04:12:27,2026-03-12 11:52:26,40.6844629,-73.8623604
Queens,83rd Pl/Penelope Ave,1,2,8.31,5.355,1,2024-08-19 00:27:54,2025-10-30 19:33:56,40.7211796,-73.8710536
Queens,31st Ave/32nd St,1,2,11.54,6.555,1,2025-07-14 23:23:38,2025-10-30 19:11:16,40.7637672,-73.9222762
Queens,44th Dr/Vernon Blvd,1,2,3.74,2.225,0,2025-10-30 19:11:28,2026-03-12 04:11:21,40.7488197,-73.9523116
Queens,177th St/129th Ave,1,2,3.54,3.1100000000000003,0,2025-10-30 19:54:17,2026-05-20 23:30:04,40.661868,-73.7691465
Queens,160th St/Brinkerhoff Ave,1,2,3.39,3.37,0,2025-10-30 19:51:04,2026-05-20 23:12:04,40.6906357,-73.7895594
Queens,54th Ave/Second St,1,2,9.57,7.4399999999999995,2,2025-10-13 06:04:52,2025-10-30 18:59:26,40.7424613,-73.8524947
Queens,184th St/91st Ave,1,2,32.09,21.85,2,2025-10-30 19:57:56,2026-05-20 23:20:57,40.7115054,-73.7771718
Manhattan,W 29th St/12th Ave,1,2,0.83,0.69,0,2026-03-12 03:53:19,2026-03-12 10:48:17,40.7518606,-74.0023705
Queens,183rd St/90th Ave,1,2,46.14,28.875,2,2025-10-30 19:44:31,2026-05-20 23:21:49,40.7120669,-73.7782883
Queens,159th St/109th Ave,1,2,4.45,3.385,1,2025-10-30 19:52:10,2026-05-20 23:23:12,40.7560889,-73.8074
Queens,14th St/31st Rd,1,2,2.72,2.165,0,2025-10-30 19:12:31,2026-03-06 06:45:14,40.7642384,-73.9349585
Queens,164th Dr/104th St,1,2,5.08,3.05,1,2026-07-15 12:14:59,2026-08-07 22:38:58,40.651117,-73.8285934
Manhattan,Peck Slip/Front St,1,2,5.83,3.19,1,2026-03-12 11:41:04,2026-07-18 16:20:11,40.7077968,-74.0015517
Manhattan,Lafayette St/White St,1,2,0.75,0.63,0,2026-04-19 18:20:21,2026-04-19 19:09:21,40.7219763,-73.9974726
Brooklyn,Linden Blvd/Vermont St,1,2,0.91,0.81,0,2026-03-12 04:09:14,2026-03-12 11:47:13,40.6542045,-73.9128497
Brooklyn,Kent St/West St,1,2,3.31,3.23,0,2026-08-03 11:23:46,2026-08-07 22:27:04,40.730326,-73.9592609
Brooklyn,Kent Ave/Wallabout St,1,2,11.73,9.96,2,2023-09-29 12:19:12,2025-10-30 19:03:42,40.6990987,-73.9606543
Brooklyn,Linwood St/Wortman Ave,1,2,0.87,0.77,0,2026-03-12 04:13:19,2026-08-03 15:21:17,40.6629818,-73.8777553
Brooklyn,Richardson St/N 11th St,1,2,10.71,9.705,2,2025-10-30 19:03:26,2026-07-18 16:11:17,40.7182725,-73.9503521
Brooklyn,Ocean View Ave/Brighton 3rd St,1,2,0.79,0.65,0,2026-03-12 04:01:38,2026-03-12 11:52:37,40.5799694,-74.009956
Manhattan,E 122nd St/3rd,1,2,5.67,4.88,2,2025-07-14 23:30:32,2025-10-30 19:13:17,40.80228,-73.9384339
Bronx,Brady Ave/Muliner Ave,1,2,2.8,2.285,0,2025-08-14 06:27:53,2025-08-14 13:19:52,40.8523503,-73.8644502
Brooklyn,Humboldt St/Norman Ave,1,2,13.46,11.885000000000002,2,2025-10-30 19:01:58,2026-07-18 15:53:27,40.7272005,-73.9457837
Brooklyn,Hancock St/Marcy Ave,1,2,10.87,5.944999999999999,1,2026-05-20 23:06:24,2026-07-15 21:30:46,40.6823265,-73.9518356
Brooklyn,Greene Ave/Grand Ave,1,2,17.6,10.475000000000001,1,2025-10-30 19:00:01,2026-05-20 23:09:14,40.6870667,-73.9621433
Brooklyn,Fulton St/Malcom X Blvd,1,2,15.63,9.015,1,2025-10-30 19:13:02,2026-05-20 23:12:40,40.6782324,-73.9099362
Bronx,E Gun Hill Rd/Gunther Ave,1,2,4.53,4.255,1,2025-08-13 23:35:04,2026-07-21 20:18:19,40.8657506,-73.8366809
Bronx,Furman Ave/E240th St,1,2,5.24,3.27,1,2025-10-30 19:33:31,2026-07-21 20:05:01,40.9032008,-73.8496097
Staten Island,Willow Rd E/Nina Ave,1,2,4.84,3.2649999999999997,1,2022-09-13 08:25:32,2025-07-31 19:23:51,40.6204004,-74.1488445
Staten Island,Genesee Ave/Richmond Ave,1,2,0.67,0.5900000000000001,0,2026-03-12 03:44:16,2026-03-12 11:12:16,40.5526125,-74.1678878
Bronx,Edgewater Rd/Seneca Ave,1,1,5.12,5.12,1,2025-07-14 23:41:48,2025-07-14 23:41:48,40.8165899,-73.8823889
Bronx,E178th St/Daly Ave,1,1,0.71,0.71,0,2026-08-03 10:48:18,2026-08-03 10:48:18,40.8326368,-73.8696241
Bronx,Bronxdale Ave/Poplar St,1,1,2.68,2.68,0,2025-07-14 23:51:26,2025-07-14 23:51:26,40.8490305,-73.8622465
Bronx,Dewey Ave/Balcom Ave,1,1,0.83,0.83,0,2026-04-17 04:45:56,2026-04-17 04:45:56,40.8202198,-73.8249887
Bronx,Morris Park Ave/Radcliff Ave,1,1,3.94,3.94,0,2025-05-31 07:07:41,2025-05-31 07:07:41,40.8477028,-73.8568122
Bronx,Lincoln Ave/Bruckner Blvd,1,1,0.55,0.55,0,2026-03-12 04:37:27,2026-03-12 04:37:27,40.8067445,-73.9301522
Bronx,Gillespie Ave/Lasalle Ave,1,1,0.63,0.63,0,2025-10-30 19:40:04,2025-10-30 19:40:04,40.8408005,-73.8307087
Staten Island,Seaview Ave/Hylan Blvd,1,1,0.98,0.98,0,2026-05-20 22:57:15,2026-05-20 22:57:15,40.5836452,-74.0861604
Staten Island,Myrtle Ave/N Burgher Ave,1,1,0.67,0.67,0,2026-03-12 02:42:12,2026-03-12 02:42:12,40.6299497,-74.1154441
Bronx,Hobart Ave/Coddington Ave,1,1,2.44,2.44,0,2026-03-05 12:30:25,2026-03-05 12:30:25,40.837682,-73.8274085
Brooklyn,Euclid Ave/Blake Ave,1,1,4.69,4.69,1,2026-05-20 23:12:48,2026-05-20 23:12:48,40.6716694,-73.8709142
Brooklyn,Euclid Ave/Sutter Ave,1,1,2.68,2.68,0,2026-05-20 23:09:01,2026-05-20 23:09:01,40.6725429,-73.8713567
Brooklyn,Howard Ave/Macon St,1,1,9.92,9.92,1,2026-05-20 23:08:50,2026-05-20 23:08:50,40.6845237,-73.9200893
Brooklyn,Jefferson Ave/Marcus Garvey Blvd,1,1,0.59,0.59,0,2026-03-12 04:08:23,2026-03-12 04:08:23,40.6843573,-73.9384128
Brooklyn,Jewel St/Greenpoint Ave,1,1,7.01,7.01,1,2026-07-18 16:10:45,2026-07-18 16:10:45,40.7306993,-73.9482725
Manhattan,E Houston St/Baruch Dr,1,1,0.55,0.55,0,2026-03-12 04:29:41,2026-03-12 04:29:41,40.7199681,-73.9790788
Manhattan,E 30th St/FDR Drive S,1,1,0.51,0.51,0,2026-07-31 11:17:16,2026-07-31 11:17:16,40.7407955,-73.9742425
Manhattan,Catherine Slip/Catherine St,1,1,4.88,4.88,1,2026-07-18 15:57:55,2026-07-18 15:57:55,40.7094096,-73.9959757
Manhattan,6th Ave/W 18th St,1,1,0.91,0.91,0,2026-07-29 13:14:33,2026-07-29 13:14:33,40.7396937,-73.9949695
Brooklyn,Coney Island Ave/Park Circle,1,1,1.57,1.57,0,2025-10-30 19:06:24,2025-10-30 19:06:24,40.6504218,-73.9718776
Brooklyn,Junius St/Sutter Ave,1,1,2.48,2.48,0,2026-05-20 23:13:35,2026-05-20 23:13:35,40.6680119,-73.9026388
Brooklyn,Logan St/Etna St,1,1,0.55,0.55,0,2026-03-31 11:24:26,2026-03-31 11:24:26,40.6610721,-73.8687928
Brooklyn,Mermaid Ave/W 27th St,1,1,2.17,2.17,0,2025-10-30 18:52:30,2025-10-30 18:52:30,40.5756684,-73.9928455
Brooklyn,Morgan Ave/Johnson Ave,1,1,0.47,0.47,0,2026-03-12 04:09:45,2026-03-12 04:09:45,40.7076737,-73.9324386
Brooklyn,Oriental Blvd/Ocean Ave,1,1,0.79,0.79,0,2026-04-01 23:01:08,2026-04-01 23:01:08,40.577374,-73.9474749
Brooklyn,Ridgewood Ave/Autumn Ave,1,1,14.69,14.69,1,2026-05-20 23:10:48,2026-05-20 23:10:48,40.682521,-73.8867625
Brooklyn,Terrace Pl/Sherman St,1,1,0.79,0.79,0,2026-07-06 02:57:42,2026-07-06 02:57:42,40.6537098,-73.9806898
Brooklyn,Saratoga Ave/Bainbridge St,1,1,19.37,19.37,1,2026-05-20 23:05:11,2026-05-20 23:05:11,40.6821997,-73.9171261
Brooklyn,Tompkins Ave/Fulton St,1,1,10.94,10.94,1,2026-05-20 23:10:30,2026-05-20 23:10:30,40.6803059,-73.9433938
Brooklyn,Van Brunt St/Reed St,1,1,4.92,4.92,1,2022-09-13 08:29:07,2022-09-13 08:29:07,40.6744406,-74.016296
Manhattan,W 24th St/12th Ave,1,1,2.52,2.52,0,2026-07-18 16:24:40,2026-07-18 16:24:40,40.7501199,-74.0079588
Manhattan,Varick St/Canal St,1,1,0.87,0.87,0,2026-03-12 10:57:21,2026-03-12 10:57:21,40.7290767,-74.0052535
Queens,144th Ave/Springfield Blvd,1,1,0.51,0.51,0,2026-08-03 14:53:39,2026-08-03 14:53:39,40.6669659,-73.7572185
Manhattan,Vermilyea Ave/Academy St,1,1,2.01,2.01,0,2026-07-21 20:00:03,2026-07-21 20:00:03,40.867017,-73.9199135
Manhattan,Lexington Ave/E 104th St,1,1,0.59,0.59,0,2026-05-23 18:59:21,2026-05-23 18:59:21,40.7905885,-73.9476062
Manhattan,Indian Rd/W 215th St,1,1,2.05,2.05,0,2025-10-30 17:44:18,2025-10-30 17:44:18,40.8725474,-73.9190723
Manhattan,Rivington St/Suffolk St,1,1,18.5,18.5,1,2026-06-12 01:59:21,2026-06-12 01:59:21,40.7189542,-73.9846525
Manhattan,W 125th St/12th Ave,1,1,1.14,1.14,0,2025-02-12 12:29:41,2025-02-12 12:29:41,40.8145881,-73.9573247
Queens,150th St/94th Ave,1,1,5.87,5.87,1,2026-05-20 23:25:22,2026-05-20 23:25:22,40.7443791,-73.817936
Queens,147 Drive/259 St,1,1,4.84,4.84,1,2023-07-18 17:25:15,2023-07-18 17:25:15,40.6556811,-73.7283655
Queens,24th St/Bay 24th St,1,1,1.61,1.61,0,2025-02-13 12:21:51,2025-02-13 12:21:51,40.7519866,-73.9404677
Queens,30th Ave/77th St,1,1,2.09,2.09,0,2024-08-18 23:53:19,2024-08-18 23:53:19,40.7603794,-73.8910929
Queens,48th Ave/108th St,1,1,1.89,1.89,0,2026-03-05 21:48:13,2026-03-05 21:48:13,40.7443989,-73.9556962
Queens,160th St/72nd Ave,1,1,1.42,1.42,0,2025-10-30 19:51:33,2025-10-30 19:51:33,40.6906357,-73.7895594
Queens,169th St/Sayres Ave,1,1,8.03,8.03,1,2025-10-30 19:53:11,2025-10-30 19:53:11,40.71047,-73.793604
Queens,175th St/75th Ave,1,1,0.83,0.83,0,2026-03-12 04:19:24,2026-03-12 04:19:24,40.7362654,-73.7941039
Queens,Beach 29th St/Seagirt Ave,1,1,0.75,0.75,0,2026-03-09 00:28:37,2026-03-09 00:28:37,40.5954263,-73.7620245
Queens,Beach 140th St/Cronston Ave,1,1,0.59,0.59,0,2026-05-20 22:43:32,2026-05-20 22:43:32,40.5750031,-73.8582771
Queens,Austin St/Ascan Ave,1,1,0.94,0.94,0,2026-08-06 01:50:47,2026-08-06 01:50:47,40.7125245,-73.8330439
Queens,97th St/51st Ave,1,1,0.67,0.67,0,2026-07-15 21:44:07,2026-07-15 21:44:07,40.7314615,-73.8611439
Queens,71st Ave/75th St,1,1,1.14,1.14,0,2025-10-30 19:37:32,2025-10-30 19:37:32,40.712977,-73.8493225
Queens,61st St/Broadway,1,1,8.66,8.66,1,2026-07-18 16:21:08,2026-07-18 16:21:08,40.7121245,-73.901919
Queens,76th St/37th Rd,1,1,0.55,0.55,0,2026-03-12 04:20:11,2026-03-12 04:20:11,40.7046735,-73.8734039
Queens,51st Ave/71st St,1,1,4.37,4.37,1,2026-07-18 16:15:53,2026-07-18 16:15:53,40.7604424,-73.7406149
Queens,25th Ave/43rd St,1,1,3.11,3.11,0,2025-10-30 19:17:51,2025-10-30 19:17:51,40.7745645,-73.7996935
Queens,44th Dr/Jackson Ave,1,1,0.79,0.79,0,2026-03-12 04:04:10,2026-03-12 04:04:10,40.7483456,-73.9485518
Brooklyn,Brooklyn Ave/St Johns Pl,1,1,4.84,4.84,1,2026-05-20 23:04:01,2026-05-20 23:04:01,40.6709388,-73.944904
Queens,Beach 66th St/Thursby Ave,1,1,6.85,6.85,1,2023-09-29 14:46:07,2023-09-29 14:46:07,40.5948814,-73.7953498
Brooklyn,76th St/10th Ave,1,1,3.9,3.9,0,2025-10-30 18:49:21,2025-10-30 18:49:21,40.6307512,-74.0280642
Queens,Deerfield Rd/Beach 28th St,1,1,0.63,0.63,0,2026-04-01 22:10:13,2026-04-01 22:10:13,40.597373,-73.7609959
Queens,Gothic Dr/167th St,1,1,11.1,11.1,1,2026-05-20 23:16:49,2026-05-20 23:16:49,40.7137077,-73.7959605
Queens,Laurel Hill/64th St,1,1,12.64,12.64,1,2026-07-18 16:13:59,2026-07-18 16:13:59,40.7374957,-73.9058817
Queens,Laurel Hill Blvd/96th Rd,1,1,0.83,0.83,0,2026-07-28 09:42:26,2026-07-28 09:42:26,40.7374957,-73.9058817
Queens,Hillside Ave/127th St,1,1,19.69,19.69,1,2026-05-20 23:22:02,2026-05-20 23:22:02,40.7073429,-73.8041272
Brooklyn,Brooklyn Ave/St Marks Ave,1,1,6.61,6.61,1,2026-05-20 23:08:37,2026-05-20 23:08:37,40.6771286,-73.9600921
Queens,Christie Ave/97th Pl,1,1,9.21,9.21,1,2026-07-18 16:07:04,2026-07-18 16:07:04,40.7423098,-73.8606483
Queens,National St/Roosevelt Ave,1,1,2.6,2.6,0,2026-07-18 16:07:55,2026-07-18 16:07:55,40.7483426,-73.8632474
Bronx,Rider Ave/E 140th St,1,1,4.29,4.29,1,2025-10-30 19:17:00,2025-10-30 19:17:00,40.8145267,-73.9258941
Bronx,Washington Ave/E 175th Ave,1,1,1.65,1.65,0,2026-07-30 22:36:41,2026-07-30 22:36:41,40.8428293,-73.9004232
Bronx,Wilson Ave/E 214th St,1,1,4.53,4.53,1,2025-10-30 19:42:06,2025-10-30 19:42:06,40.8643656,-73.8491231
Bronx,White Plains Rd/Story Ave,1,1,0.91,0.91,0,2026-07-06 06:27:47,2026-07-06 06:27:47,40.8247051,-73.8588569
Brooklyn,19th Ave/77th St,1,1,0.91,0.91,0,2025-10-30 18:50:17,2025-10-30 18:50:17,40.6026542,-74.0038686
Brooklyn,2nd Ave/53rd St,1,1,2.09,2.09,0,2026-03-05 20:29:14,2026-03-05 20:29:14,40.6476546,-74.0189635
Queens,St James Ave/Queens Blvd,1,1,10.83,10.83,1,2026-07-18 16:08:55,2026-07-18 16:08:55,40.739063,-73.8799537
Staten Island,Bay St/Baltic St,1,1,1.5,1.5,0,2026-07-18 17:21:08,2026-07-18 17:21:08,40.6263426,-74.0754496
Staten Island,Boundary Ave/Hull Ave,1,1,1.02,1.02,0,2023-09-29 13:25:48,2023-09-29 13:25:48,40.5807537,-74.0976506
Staten Island,Doty Ave/Father Capodanno Blvd,1,1,1.61,1.61,0,2026-07-06 14:38:16,2026-07-06 14:38:16,40.5925822,-74.0635941
